obs_index,t_plus_1,pop_num,phor_type,R,mu,mu_intercept,mu_adult,mu_flower,frac_intercept,frac_adult,frac_flower
1,3,209,occ,0,0.6597286293487494,0.2327550322753508,0.11089270904465431,0.316080887978763,0.35280420148677605,0.16808836862835855,0.479107429809105
2,4,209,occ,0,0.6624911423800013,0.2327550322753508,0.16531088225159038,0.2644252280899296,0.3513330479245016,0.24952919620587014,0.3991377562271719
3,5,209,occ,0,0.8224908042149985,0.2327550322753508,0.18367936957684003,0.4060564025321892,0.2829880055589154,0.22332087925547964,0.49369111539154226
4,6,209,occ,1,0.8610759438124984,0.2327550322753508,0.17528711263242622,0.45303379873067373,0.2703072057091794,0.2035675411582459,0.5261252529304465
5,7,209,occ,0,0.736986326072501,0.2327550322753508,0.16100112292933624,0.3432301706789126,0.31582001462053383,0.21845876542558507,0.4657212196975651
6,8,209,occ,0,0.7220685793699984,0.2327550322753508,0.14898456087655862,0.3403289862300645,0.3223447729555391,0.2063302089761986,0.4713250180848474
7,9,209,occ,0,0.6780881443537521,0.2327550322753508,0.14286173184392464,0.30247138026848464,0.3432518828318059,0.21068312878420575,0.4460649884341411
8,10,209,occ,1,0.6253789484062511,0.2327550322753508,0.15125398867993464,0.2413699272843351,0.37218239096233746,0.24185973810822756,0.3859578706629877
9,11,209,occ,2,0.6460501004687506,0.2327550322753508,0.17393223537369626,0.2393628328126013,0.36027396653366695,0.2692240667519397,0.3705019667034001
10,12,209,occ,0,0.5775811427175,0.2327550322753508,0.1918425301706861,0.15298358018208633,0.4029823951319569,0.33214818833605503,0.2648694163772447
11,3,229,occ,0,1.0340520366449966,0.2327550322753508,0.37143573332266516,0.4298612706094209,0.22509025080645784,0.35920410207574865,0.41570564669464294
12,4,229,occ,0,1.160794687433752,0.2327550322753508,0.5390215469245384,0.38901810881115206,0.2005135230157869,0.4643556287427453,0.33513084873879023
13,5,229,occ,1,1.3390513425650044,0.2327550322753508,0.5616997934214389,0.5445965168736346,0.17382084232072803,0.419475919680183,0.4067032380031367
14,6,229,occ,0,1.3980273707025013,0.2327550322753508,0.5880023449599142,0.5772699935807651,0.16648817981181058,0.4205943011433647,0.4129175191260312
15,7,229,occ,0,1.056787415453751,0.2327550322753508,0.5054346538936187,0.31859772963305294,0.22024773277169765,0.4782746714263257,0.30147759613153335
16,8,229,occ,0,0.9486766656800001,0.2327550322753508,0.43244043133985044,0.2834812020220372,0.24534706153915442,0.4558354252656592,0.29881751315011135
17,9,229,occ,2,0.9195243317662504,0.2327550322753508,0.3614650061648139,0.3253042934930721,0.25312547393745183,0.39309999059024453,0.35377453565390454
18,10,229,occ,0,0.8654131467037511,0.2327550322753508,0.34445139619785564,0.28820671812497733,0.26895250339318877,0.39801960197834674,0.3330278945064795
19,11,229,occ,0,0.8505673518512527,0.2327550322753508,0.3136099889096601,0.30420233053138807,0.2736467979505226,0.36870682636370955,0.3576463755272222
20,12,229,occ,0,1.0579926502262489,0.2327550322753508,0.27529087537623365,0.549946742990161,0.21999683289442207,0.26020112268016554,0.519802044818134
21,3,231,occ,1,0.6529337274549992,0.2327550322753508,0.22857583595361705,0.19160285928501603,0.35647573787095027,0.35007509390663344,0.2934491683127542
22,4,231,occ,1,0.8230634194799977,0.2327550322753508,0.3349333583275365,0.2553750290736436,0.2827911273500684,0.4069350555503289,0.3102738173383853
23,5,231,occ,17,1.0077229421787472,0.2327550322753508,0.3408270910734647,0.4341408187074489,0.23097125463088378,0.3382150756006205,0.4308136696469516
24,6,231,occ,3,1.0560283004599997,0.2327550322753508,0.3805189477321515,0.4427543203480033,0.2204060555706358,0.3603302558903011,0.41926368844011297
25,7,231,occ,0,0.9445960266550002,0.2327550322753508,0.37891710844632576,0.3329238855863548,0.24640695673851395,0.40114196731077256,0.3524510755833936
26,8,231,occ,0,1.0211593585712497,0.2327550322753508,0.4025117399269425,0.38589258631572915,0.22793213451131555,0.39417132747048894,0.37789653796607114
27,9,231,occ,1,1.1140108380700033,0.2327550322753508,0.4043229754590118,0.47693282976591816,0.20893426196696005,0.36294348460692855,0.42812225291469574
28,10,231,occ,0,1.2538532312474984,0.2327550322753508,0.5315617056616071,0.48953649308327074,0.18563180001839244,0.4239425256596735,0.390425674140677
29,11,231,occ,0,1.1591165306900022,0.2327550322753508,0.5975185483249835,0.3288429497779263,0.20080382438924904,0.5154948035891533,0.28370137175265003
30,12,231,occ,0,1.1682212349687544,0.2327550322753508,0.5478362650304782,0.3876299378278686,0.1992388302046026,0.4689490728570182,0.33181209707957093
31,3,234,occ,0,0.6245306413187534,0.2327550322753508,0.09410819530368912,0.29766741379109923,0.3726879305455171,0.15068627394321452,0.47662579559354745
32,4,234,occ,0,0.5648722740687506,0.2327550322753508,0.13673890274302838,0.19537833913473077,0.4120489586058568,0.24207048039037918,0.3458805611531064
33,5,234,occ,17,0.8072137143562496,0.2327550322753508,0.14286173184392464,0.4315969504859872,0.2883437535014779,0.17698129913198568,0.5346749476750211
34,6,234,occ,0,0.7470855082737489,0.2327550322753508,0.15125398867993464,0.3630764874971055,0.3115507257170141,0.20245873732637282,0.48599053719573176
35,7,234,occ,0,0.5109009482523749,0.2327550322753508,0.1403632078792017,0.13778270806348997,0.45557760867645614,0.2747366360531104,0.26968575520323373
36,8,234,occ,0,0.4781692214811241,0.2327550322753508,0.13469857119366194,0.11071561796081125,0.48676289024708563,0.2816964479153103,0.23154066173031965
37,9,234,occ,0,0.4479345136562513,0.2327550322753508,0.12245291302766768,0.09272656837516839,0.5196184379173983,0.27337235532075804,0.20700920681081417
38,10,234,occ,0,0.36351422291650004,0.2327550322753508,0.10566839930753845,0.025090791315072834,0.6402914043030858,0.29068573564949807,0.06902285999641956
39,11,234,occ,0,0.3098514521236256,0.2327550322753508,0.07709641981910696,0,0.7511826414887525,0.24881735841711264,0
40,12,234,occ,0,0.28581832813812375,0.2327550322753508,0.053063295839363,0,0.8143460700773194,0.18565392984077558,0
41,3,235,occ,0,0.6439771069175001,0.2327550322753508,0.14535842139343946,0.2658636533428373,0.3614337059114883,0.22571985841114897,0.41284643582352853
42,4,235,occ,0,0.7396552481762473,0.2327550322753508,0.22064360574298703,0.2862566100146094,0.3146804309835563,0.2983060098431309,0.38701355897957385
43,5,235,occ,0,0.8909353744412515,0.2327550322753508,0.24717525384831812,0.41100508823723014,0.2612479411554656,0.2774334266425706,0.46131863211177493
44,6,235,occ,0,0.8870670466312497,0.2327550322753508,0.26758407260253647,0.3867279416807921,0.2623871928951343,0.30165033592299606,0.43596247110006037
45,7,235,occ,0,0.7735743688887513,0.2327550322753508,0.27960063461069207,0.2612187019916529,0.30088255458839225,0.3614398897579061,0.33767755563941015
46,8,235,occ,0,0.9100091892975002,0.2327550322753508,0.2857234636915352,0.3915306931183794,0.2557721779216655,0.31397865763543015,0.4302491642096816
47,9,235,occ,0,0.8837063739562508,0.2327550322753508,0.2857234636915352,0.3652278779401616,0.26338503278338204,0.32332398193801004,0.4132909852229296
48,10,235,occ,0,0.8773703098500029,0.2327550322753508,0.27733120685966145,0.3672840708575265,0.2652871081483748,0.31609367646264963,0.41861921555143367
49,11,235,occ,0,0.8497064767737504,0.2327550322753508,0.24626070337314565,0.3706907414753523,0.2739240415809211,0.2898185551182011,0.43625740371290045
50,12,235,occ,0,0.8208331293762494,0.2327550322753508,0.22245667568689942,0.3656214215080044,0.28355950064079555,0.2710132762988552,0.44542722317487343
51,3,243,occ,0,0.8013843936475022,0.2327550322753508,0.4108984936258502,0.15773086796912034,0.29044118418124654,0.5127358317469162,0.1968229843498799
52,4,243,occ,0,1.1094206880924995,0.2327550322753508,0.6190728481527926,0.2575928079532334,0.20979871276381365,0.5580145158616121,0.23218677163496004
53,5,243,occ,3,1.3167150863187584,0.2327550322753508,0.671907047878353,0.41205300533906086,0.17676947328528142,0.5102903846547814,0.31294014143262316
54,6,243,occ,0,1.2821149522500035,0.2327550322753508,0.6936707439980536,0.3556891762651575,0.18153990940272974,0.5410363109647228,0.27742377985761185
55,7,243,occ,0,1.2268904049475036,0.2327550322753508,0.7168071834195869,0.27732818901343986,0.18971134775914233,0.584247118185147,0.2260415338608066
56,8,243,occ,0,1.2349474968125078,0.2327550322753508,0.705687306136328,0.2965051578375019,0.1884736257015857,0.5714310186933128,0.2400953551489468
57,9,243,occ,0,1.3172045257900002,0.2327550322753508,0.7145377556644336,0.369911737705301,0.17670379027566335,0.5424653056334481,0.28083090398087157
58,10,243,occ,4,1.240937498446249,0.2327550322753508,0.7081858302353459,0.2999966360051732,0.18756386406791506,0.5706861394083506,0.24174999657983784
59,11,243,occ,0,1.2680424149087528,0.2327550322753508,0.7143086597186761,0.32097872337987043,0.18355461105936244,0.56331606208147,0.2531293272259886
60,12,243,occ,0,1.3032784067937488,0.2327550322753508,0.6807396316158788,0.3897837429792383,0.17859195016355825,0.522328635284149,0.29907941461115894
61,3,250,occ,0,0.9005550934200013,0.2327550322753508,0.46554392864092536,0.2022561325142587,0.25845729370251685,0.5169521909791751,0.2245905153300048
62,4,250,occ,0,1.198755306810001,0.2327550322753508,0.6841527062874603,0.2818475685882282,0.19416392232267443,0.5707192305225777,0.23511684743924155
63,5,250,occ,8,1.3219754287987484,0.2327550322753508,0.7020630010224232,0.38715739537901056,0.17606608050714714,0.5310711422680324,0.2928627771325617
64,6,250,occ,4,1.2675676474137485,0.2327550322753508,0.7143086597186761,0.3205039559174648,0.18362336144366495,0.5635270521270394,0.2528495868219715
65,7,250,occ,0,1.2445628807412448,0.2327550322753508,0.7898389710898629,0.22196887740393692,0.1870174949591338,0.6346316311631001,0.17835087390018836
66,8,250,occ,0,1.3106757689287492,0.2327550322753508,0.851274823499711,0.22664591286863456,0.17758398971973655,0.6494930658521908,0.17292294421058718
67,9,250,occ,0,1.3655697061474958,0.2327550322753508,0.9542353026022086,0.17857937082398168,0.17044536886512537,0.6987818331839453,0.13077279762435887
68,10,250,occ,0,1.3547809656474998,0.2327550322753508,0.9730422830455511,0.14898365082370427,0.17180270329832142,0.7182284869056292,0.10996881016297677
69,11,250,occ,0,1.3936262047499952,0.2327550322753508,0.9918689623962786,0.16900221000711343,0.16701396076080896,0.7117180769245162,0.12126796226354757
70,12,250,occ,0,1.2786486807949984,0.2327550322753508,0.9124852489674375,0.13340839910695204,0.18203204349347596,0.7136324955187072,0.10433546063959141
71,3,255,occ,4,0.2327550322753508,0.2327550322753508,0,0,1,0,0
72,4,255,occ,0,0.5609485514562509,0.2327550322753508,0.07553031171685075,0.25266320763588396,0.41493115842996103,0.13464748508712648,0.4504213567892411
73,5,255,occ,7,0.6416845531249991,0.2327550322753508,0.14535842139343946,0.2635710995463628,0.3627250042748193,0.22652629034865343,0.41074870551702314
74,6,255,occ,0,0.8098855594600023,0.2327550322753508,0.21225134901192516,0.3648791779371559,0.2873924958367477,0.26207572975303506,0.45053177411934847
75,7,255,occ,0,0.7530835358525004,0.2327550322753508,0.20771249352095011,0.31261601013542906,0.30906934117457374,0.27581600663439926,0.41511465229623384
76,8,255,occ,0,0.9426334632000007,0.2327550322753508,0.20431728455880274,0.5055611462299063,0.246919976175264,0.216751571565471,0.5363284521150511
77,9,255,occ,0,0.8608642576037516,0.2327550322753508,0.2147498730147066,0.4133593524339344,0.2703736741530346,0.24945846121253895,0.48016786477410023
78,10,255,occ,0,0.7897450019737533,0.2327550322753508,0.2242679110143405,0.33272205896378826,0.29472175410245427,0.28397509380096575,0.42130315245077815
79,11,255,occ,0,0.668483552997497,0.2327550322753508,0.19705080892760918,0.23867771167298135,0.34818363328711893,0.2947728602207615,0.3570435063102817
80,12,255,occ,0,0.7689288769550001,0.2327550322753508,0.16735304824047198,0.36882079650765853,0.30270033972072075,0.21764437941672718,0.4796552809516126
81,3,266,occ,0,0.2327550322753508,0.2327550322753508,0,0,1,0,0
82,4,266,occ,0,0.2327550322753508,0.2327550322753508,0,0,1,0,0
83,5,266,occ,0,0.2327550322753508,0.2327550322753508,0,0,1,0,0
84,6,266,occ,0,0.2327550322753508,0.2327550322753508,0,0,1,0,0
85,7,266,occ,0,0.2327550322753508,0.2327550322753508,0,0,1,0,0
86,8,266,occ,0,0.2327550322753508,0.2327550322753508,0,0,1,0,0
87,9,266,occ,0,0.2327550322753508,0.2327550322753508,0,0,1,0,0
88,10,266,occ,13,0.4496369988190015,0.2327550322753508,0.041961284301289765,0.17492068222337945,0.5176509782039641,0.09332257890588094,0.3890264428479398
89,11,266,occ,1,0.49630553094125157,0.2327550322753508,0.10499897611575942,0.15855152256206723,0.46897529397652904,0.21156116458470076,0.3194635414627995
90,12,266,occ,0,0.5364182796487507,0.2327550322753508,0.16758031005147173,0.13608293744480082,0.4339058550125472,0.31240603911038256,0.2536881061061316
91,3,268,occ,0,0.7465148468337514,0.2327550322753508,0.36374863067507923,0.1500111839423884,0.3117888857302061,0.4872624197869248,0.2009486945619929
92,4,268,occ,0,0.9918972886974972,0.2327550322753508,0.5784824723868414,0.1806597836921565,0.23465638522007798,0.5832080387541653,0.1821355756798051
93,5,268,occ,2,1.2232516083562535,0.2327550322753508,0.6778007808906805,0.312695795192542,0.19027568055938696,0.554097600412295,0.2556267190302145
94,6,268,occ,0,1.2145630139225003,0.2327550322753508,0.7249703440176457,0.2568376377059557,0.19163685177902395,0.5968980906773316,0.21146505760659048
95,7,268,occ,0,1.0316157170737519,0.2327550322753508,0.6757425839351894,0.12311810118164586,0.2256218361383406,0.6550332383961531,0.11934492577418142
96,8,268,occ,0,0.9866767804325005,0.2327550322753508,0.6324461224092208,0.12147562612494107,0.23589795249192427,0.6409861212422512,0.12311592664792757
97,9,268,occ,0,0.9587467734275019,0.2327550322753508,0.6111387839737464,0.11485295708752462,0.24277008145045004,0.6374350359364827,0.11979488251827689
98,10,268,occ,0,0.8402966152523784,0.2327550322753508,0.5530605746988644,0.054481008285632126,0.2769915147229816,0.658173036354259,0.06483544893164786
99,11,268,occ,0,0.8147919501112544,0.2327550322753508,0.49933152470243897,0.08270539361169428,0.28566191927101103,0.6128331589852583,0.10150492233066541
100,12,268,occ,0,0.8715076227287512,0.2327550322753508,0.4685061483570393,0.17024644208094522,0.2670717113713573,0.5375812398405809,0.19534704877037304
101,3,274,emp,0,0.5131495515887511,0.2327550322753508,0.05714395900928399,0.2232505603718705,0.4535812835745896,0.11135926911046075,0.4350594474469856
102,4,274,emp,0,0.5483844030637492,0.2327550322753508,0.0816352753629077,0.23399409546880887,0.4244377319540454,0.14886505689589727,0.4266972112290496
103,5,274,emp,0,0.6625275361774992,0.2327550322753508,0.0816352753629077,0.3481372285036042,0.3513137485850745,0.12321793571616413,0.52546831564497265
104,6,274,emp,0,0.5688105688037496,0.2327550322753508,0.0816352753629077,0.25442026119474176,0.40919604001882687,0.1435192660617975,0.4472846939707999
105,7,274,emp,0,0.5017160840049997,0.2327550322753508,0.0816352753629077,0.18732577634260214,0.46391782064740694,0.16271209547687968,0.3733700838276004
106,8,274,emp,0,0.42310081730687515,0.2327550322753508,0.0816352753629077,0.10871050969711633,0.5501171889879227,0.1929452083844537,0.25693760269498267
107,9,274,emp,0,0.4145099549107492,0.2327550322753508,0.07324301849533746,0.10851190410525499,0.5615185582827963,0.176697851589856,0.26178359004337876
108,10,274,emp,0,0.3505184964328743,0.2327550322753508,0.06734928559402846,0.050414178499894796,0.6640306706893693,0.19214188774464894,0.14382744138453565
109,11,274,emp,0,0.3330428452254999,0.2327550322753508,0.06122645650096138,0.03906135645373212,0.6988741407062949,0.18383957913734966,0.11728628017000059
110,12,274,emp,0,0.4129914262637484,0.2327550322753508,0.052834199660181276,0.12740219432088273,0.5635832065111847,0.12793050000616674,0.30848629346489137
111,3,275,occ,0,0.6206170083650017,0.2327550322753508,0.12517869879258633,0.2626832773221691,0.3750381139062519,0.20170039993323122,0.4232614862009679
112,4,275,occ,0,0.6894800572825005,0.2327550322753508,0.19411195788931743,0.262613067024945,0.33758051421055696,0.2815338251470035,0.3808856605077188
113,5,275,occ,0,0.8835924648299992,0.2327550322753508,0.21837417816026652,0.43246325455346857,0.2634189873044382,0.24714354960267926,0.4894374632729279
114,6,275,occ,0,0.8200490157537506,0.2327550322753508,0.2244970071972671,0.36279697617550294,0.2838306342717981,0.2737604739284029,0.4424088916709899
115,7,275,occ,0,0.7142624573974998,0.2327550322753508,0.24128152080607332,0.24022590401950314,0.3258676553201766,0.337805127943041,0.33632721632156726
116,8,275,occ,0,0.7049507701875006,0.2327550322753508,0.2446767297435052,0.22751900814175607,0.33017203770618386,0.34708342779514495,0.32274453446052875
117,9,275,occ,0,0.7087376946649998,0.2327550322753508,0.25102865510473715,0.22495400732475004,0.32840786376596987,0.3541912007705351,0.3174009355197051
118,10,275,occ,0,0.6066824619662521,0.2327550322753508,0.24490582601494298,0.12902160367494087,0.3836521522659382,0.40368041169544533,0.21266743603693944
119,11,275,occ,0,0.5784313063243746,0.2327550322753508,0.2365135692438694,0.10916270478131503,0.4023901018677327,0.4088879122860556,0.18872198580499794
120,12,275,occ,0,0.6513090825975032,0.2327550322753508,0.2557966069642393,0.16275744350737573,0.35736494161434723,0.3927422690684582,0.24989278954667485
121,3,904,occ,0,0.7913578072500017,0.2327550322753508,0.21428984609693222,0.34431292903287325,0.29412110443970135,0.2707875554315911,0.43509134032476876
122,4,904,occ,1,0.9372139457399964,0.2327550322753508,0.30613228256184566,0.39832663096590876,0.24834781143976076,0.32664076751454296,0.42501142111303286
123,5,904,occ,1,1.1621007503487513,0.2327550322753508,0.30613228256184566,0.6232134356775657,0.20028816968365268,0.2634300704736436,0.5362817599855578
124,6,904,occ,1,1.141043687280001,0.2327550322753508,0.30613228256184566,0.6021563727168309,0.20398433019702164,0.26829146506353163,0.5277242049796009
125,7,904,occ,0,0.9765920444312507,0.2327550322753508,0.32291679627721886,0.42092021587138617,0.23833394261459817,0.33065679586329183,0.4310092615146403
126,8,904,occ,0,0.9548190745262564,0.2327550322753508,0.33470426192269825,0.38735978015790684,0.243768729055643,0.3505420773969826,0.4056891933690155
127,9,904,occ,0,0.9255257642950023,0.2327550322753508,0.3553421771591472,0.33742855489491613,0.2514841198965936,0.3839354784788955,0.3645804016616917
128,10,904,occ,0,0.7784751946462475,0.2327550322753508,0.3360591394386366,0.2096610230367129,0.2989883735230879,0.4316889500780402,0.26932267653304803
129,11,904,occ,0,0.7150622113150004,0.2327550322753508,0.32450076980728115,0.15780640936683454,0.3255031920192146,0.4538077452177536,0.22068906295107996
130,12,904,occ,0,0.7024331441724994,0.2327550322753508,0.2725632550972548,0.19711485661096714,0.3313554239379573,0.3880273266694266,0.2806172491236559
131,3,905,occ,0,0.8609332371137519,0.2327550322753508,0.3108965654645383,0.31728163925852954,0.2703520113309294,0.3611157660805477,0.36853222245455985
132,4,905,occ,1,0.9259465437112482,0.2327550322753508,0.425857575205859,0.2673339361449273,0.25136983755288395,0.45991594017835713,0.28871422217684095
133,5,905,occ,3,1.1038398361287514,0.2327550322753508,0.4517216345536307,0.41936316940953716,0.2108594242183178,0.4092275163196249,0.37991305956149857
134,6,905,occ,15,1.0921935875237507,0.2327550322753508,0.45942660286225895,0.400011952631094,0.21310785462773038,0.4206457610723413,0.3662463845242045
135,7,905,occ,0,0.9679651141737503,0.2327550322753508,0.45851205228315023,0.2766980296681731,0.24045807939476127,0.47368654672491334,0.28585537393500077
136,8,905,occ,0,0.9886166422300006,0.2327550322753508,0.4133846554449377,0.3424769546915847,0.23543507395377286,0.4181445443933405,0.3464203818368534
137,9,905,occ,0,0.8486253625874983,0.2327550322753508,0.3294799523256607,0.2863903778984981,0.27427300966550167,0.3882513613793735,0.33747562885144095
138,10,905,occ,0,0.6355066135999994,0.2327550322753508,0.2167741734356651,0.1859774077363458,0.36625115662738245,0.3411045122059219,0.29264433092651293
139,11,905,occ,0,0.5303317417637499,0.2327550322753508,0.10294261354143558,0.19463409589127226,0.43888572745290744,0.19410984754386823,0.3670044248982123
140,12,905,occ,0,0.4041120081213737,0.2327550322753508,0.030614145462564742,0.14074283033207108,0.5759666320171402,0.07575658443034904,0.3482767834253503
141,3,906,emp,0,0.7020269769974978,0.2327550322753508,0.2882183188598079,0.1810536255911951,0.3315471340870999,0.41055162878852614,0.25790123673814375
142,4,906,emp,0,0.9285006757312523,0.2327550322753508,0.416339537352729,0.2794061064083536,0.25067836605723703,0.4483998215993064,0.3009218126721382
143,5,906,emp,2,1.102770926217498,0.2327550322753508,0.43697745227831947,0.4330384416281763,0.21106380912099312,0.3962540559326779,0.39268213491399995
144,6,906,emp,4,1.1247513409362488,0.2327550322753508,0.4428711852171726,0.4491251233327418,0.20693910182992473,0.39375030648865406,0.3993105915827473
145,7,906,emp,0,0.8904335200887528,0.2327550322753508,0.3902482164081351,0.2674302717505456,0.26139518226150255,0.43826766131764405,0.3003371568086182
146,8,906,emp,0,0.9603527833162513,0.2327550322753508,0.31542305878158455,0.41217469273901336,0.24236409402762446,0.3284449884055924,0.4291909180662844
147,9,906,emp,5,0.8986327214087491,0.2327550322753508,0.2322038098667977,0.4336738793027842,0.2590101904040067,0.2583967891829951,0.48259302045326347
148,10,906,emp,0,0.6566583581749997,0.2327550322753508,0.18753277082171899,0.2363705550967819,0.35445377246431314,0.2855865131191118,0.35995971444528396
149,11,906,emp,0,0.6177120316050004,0.2327550322753508,0.16939337978246563,0.2155636195176148,0.37680184352340307,0.2742271011661065,0.3489710552626215
150,12,906,emp,0,0.6595183629637509,0.2327550322753508,0.1464860369437603,0.2802772936595462,0.35291668184854424,0.2221106267390035,0.4249726912834284
151,3,907,emp,0,0.6659940336087478,0.2327550322753508,0.2487555585057088,0.18448344292542812,0.3494851613221623,0.3735101907111761,0.2770046481134196
152,4,907,emp,0,0.8411356217150009,0.2327550322753508,0.36985726293992777,0.23852332650362967,0.2767152243544078,0.4397118055538079,0.2835729700964296
153,5,907,emp,1,1.0664684530574988,0.2327550322753508,0.3839141564646028,0.44979926407974957,0.2182483988232906,0.35998641625445627,0.42176518469927826
154,6,907,emp,0,1.0460072786887489,0.2327550322753508,0.3936612908197027,0.4195909557472892,0.2225176029053328,0.37634660756203114,0.4011357896794743
155,7,907,emp,0,0.9186344636662498,0.2327550322753508,0.377105873202194,0.3087735583292755,0.2533706729730459,0.4105069950208191,0.33612233215915616
156,8,907,emp,0,0.8493486393849994,0.2327550322753508,0.34241106473875416,0.27418254243410006,0.2740394479749626,0.40314547979577486,0.3228150723036791
157,9,907,emp,0,0.7781691149075017,0.2327550322753508,0.2932011702216048,0.25221291242179544,0.29910597557321145,0.3767833554489715,0.32411066899227314
158,10,907,emp,0,0.6577662251762493,0.2327550322753508,0.24648979954010372,0.17852139321820223,0.3538567706375982,0.37473769571257093,0.2714055334330479
159,11,907,emp,0,0.4916910384711253,0.2327550322753508,0.17437256227709844,0.08456344400974133,0.4733766004747297,0.35463847952018046,0.17198492019029823
160,12,907,emp,0,0.405466202613624,0.2327550322753508,0.1326582396029052,0.040052930648203276,0.5740429924245677,0.3271745924760038,0.09878241488445445
161,3,908,emp,0,0.6368365312587512,0.2327550322753508,0.0714299487234333,0.3326515502166958,0.3654863074756319,0.11216371112104248,0.5223499813353784
162,4,908,emp,0,0.6474045480525001,0.2327550322753508,0.10204409414979336,0.3126054217007042,0.3595202303961509,0.15762029237631842,0.4828594773408265
163,5,908,emp,0,0.8316137946800003,0.2327550322753508,0.10204409414979336,0.49681466853446626,0.279883563457378,0.12270611045967471,0.5974103264191732
164,6,908,emp,0,0.8766282189299993,0.2327550322753508,0.10204409414979336,0.5418290920981285,0.26551168129112757,0.11640521254762597,0.6180831056972793
165,7,908,emp,0,0.8435801826662508,0.2327550322753508,0.1104363510836513,0.5003887993037107,0.2759133477267053,0.1309138755898723,0.5931727766792284
166,8,908,emp,0,0.862736466896252,0.2327550322753508,0.08276105650133513,0.5472203781476227,0.2697869409794412,0.09592854791344703,0.6342845111396321
167,9,908,emp,6,1.0026546294250016,0.2327550322753508,0.0653089540458419,0.7045906429024884,0.23213878981322833,0.06513604199214142,0.7027251679938428
168,10,908,emp,0,0.9152045169862518,0.2327550322753508,0.057602151393235324,0.6248473334492641,0.25432023985393776,0.06293910303559026,0.6827406572542633
169,11,908,emp,0,0.8163876676237495,0.2327550322753508,0.06099736030267503,0.5226352750563368,0.2851035623220869,0.07471617066462967,0.6401802670262836
170,12,908,emp,0,0.8441926656724982,0.2327550322753508,0.06734928559402846,0.5440883480358425,0.2757131656550631,0.07977951992792649,0.6445073146926863
171,3,911,emp,0,0.6452918315025015,0.2327550322753508,0.08571593844904524,0.3268208608334467,0.36069731695410207,0.13283282735729618,0.5064698557743633
172,4,911,emp,0,0.8815030960487503,0.2327550322753508,0.12245291302766768,0.5262951508500858,0.2640433519957582,0.13891376397490904,0.5970428841477147
173,5,911,emp,0,1.0479274928137476,0.2327550322753508,0.12245291302766768,0.6927195476761208,0.22210986339368738,0.11685246724358221,0.6610376695205578
174,6,911,emp,0,1.2810216316025018,0.2327550322753508,0.12245291302766768,0.9258136864904933,0.1816948492775914,0.09559004313961854,0.7227151077318976
175,7,911,emp,0,1.3532870392837564,0.2327550322753508,0.11406065615024694,1.0064713504364862,0.17199236046665992,0.0842841561614415,0.7437234830603072
176,8,911,emp,0,1.4601812632787519,0.2327550322753508,0.10816692326192608,1.1192593079323994,0.15940146482410886,0.07407773677292884,0.7665207985337162
177,9,911,emp,0,1.220714626065001,0.2327550322753508,0.10204409414979336,0.8859155000274174,0.19067112599907277,0.08359373433472704,0.7257351399836868
178,10,911,emp,13,1.4001645435649983,0.2327550322753508,0.10204409414979336,1.0653654168390472,0.16623405680787107,0.07288007300197448,0.7608858699753176
179,11,911,emp,0,1.1255746435612448,0.2327550322753508,0.10204409414979336,0.7907755170057779,0.20678773603048578,0.0906595530856421,0.7025527107680888
180,12,911,emp,0,0.8937855515499972,0.2327550322753508,0.10204409414979336,0.5589864251151054,0.26041485216639326,0.11417066876145977,0.625414479061241
181,3,913,emp,0,0.9167096226237484,0.2327550322753508,0.0714299487234333,0.6125246417657585,0.25390268251921916,0.07791992901633454,0.6681773886180328
182,4,913,emp,0,1.1654115709699948,0.2327550322753508,0.10204409414979336,0.8306124441891795,0.19971917052584628,0.08756056374561312,0.7127202654233512
183,5,913,emp,0,1.470939352661256,0.2327550322753508,0.10204409414979336,1.136140226214368,0.15823564163556114,0.06937342043720085,0.7723909379124557
184,6,913,emp,0,1.3725687432212468,0.2327550322753508,0.1104363510836513,1.0293773603330563,0.16957622955124557,0.08045961386565675,0.7499641569261126
185,7,913,emp,0,1.5955889017725027,0.2327550322753508,0.11633008388675371,1.24650378568388,0.14587406067865516,0.072907303226743,0.781218636140655
186,8,913,emp,0,1.2502528540137512,0.2327550322753508,0.10566839930753845,0.9118294221184412,0.18616636748968443,0.08451762294987429,0.7293160093105552
187,9,913,emp,0,0.8439395833199981,0.2327550322753508,0.07709641981910696,0.5340881311490926,0.2757958470909838,0.0913530083703565,0.6328511444480753
188,10,913,emp,1,0.7025428691537504,0.2327550322753508,0.053063295839363,0.4167245411000382,0.3313036719819196,0.0755303315558245,0.5931659965490856
189,11,913,emp,0,0.5139292680068738,0.2327550322753508,0.02403312394487221,0.2571411118345248,0.4528931251143255,0.04676348564088934,0.5003433893379382
190,12,913,emp,0,0.29518227309837547,0.2327550322753508,0.012245658182319315,0.05018158263140571,0.7885129070666803,0.04148507311696933,0.17000201978484555
191,3,914,occ,0,0.48805234797849967,0.2327550322753508,0.10339713714561313,0.151900178547344,0.47690587544433743,0.21185665343867605,0.31123747109610406
192,4,914,occ,0,0.6261572326550042,0.2327550322753508,0.14921365714562015,0.2441885432477935,0.3717197856015065,0.2383006206171747,0.38997959380329444
193,5,914,occ,0,0.6553826301724994,0.2327550322753508,0.13673890274302838,0.2858886951286984,0.3551437306388311,0.20863980283859238,0.4362164664837872
194,6,914,occ,2,0.6176697175624991,0.2327550322753508,0.14286173184392464,0.24205295328368423,0.37682765668660034,0.23129146173410894,0.39188088132099824
195,7,914,occ,0,0.5809967539549972,0.2327550322753508,0.13446947503806433,0.21377224671645495,0.40061330926709365,0.23144617267255863,0.36794051818921747
196,8,914,occ,0,0.6950588725287482,0.2327550322753508,0.1453602558402356,0.3169435844490407,0.3348709605397115,0.20913373181093142,0.455995307700977
197,9,914,occ,0,0.6059745805112512,0.2327550322753508,0.142632635672569,0.23058691249721314,0.3841003232825031,0.235377258815431,0.38052241779295526
198,10,914,occ,0,0.6157847411800003,0.2327550322753508,0.14898456087655862,0.23404514814311242,0.3779811624259038,0.24194259927757594,0.3800762384833089
199,11,914,occ,0,0.6574021771375006,0.2327550322753508,0.13446947503806433,0.29017766996339117,0.35405272505915103,0.20454674431347225,0.44140053083928005
200,12,914,occ,0,0.5263501291262495,0.2327550322753508,0.1285757421081503,0.1650193547009555,0.4422057094613585,0.2442779720061783,0.31351631845306194
201,3,915,emp,0,0.5812538283100012,0.2327550322753508,0.1285739076728174,0.2199248883001975,0.40043612779650395,0.22120096489798058,0.37836290719947663
202,4,915,emp,0,0.7426718579824969,0.2327550322753508,0.1668948558321232,0.34302196987071853,0.31340225130872845,0.22472220273096244,0.4618755459545133
203,5,915,emp,0,0.9010311935850006,0.2327550322753508,0.15510739002850038,0.5131687711864955,0.25832072622177576,0.1721443065820651,0.5695349670911085
204,6,915,emp,0,0.9000617977387516,0.2327550322753508,0.13446947503806433,0.53283729078997,0.2585989460502682,0.14940026937694217,0.5920007849779102
205,7,915,emp,0,0.6065790821612485,0.2327550322753508,0.07822220096588363,0.2956018490908567,0.3837175384387504,0.12895631133071223,0.4873261505121868
206,8,915,emp,0,0.5427881680186241,0.2327550322753508,0.04512923140581689,0.26490390431000793,0.4288137545904732,0.08314335879972318,0.4880428865592343
207,9,915,emp,0,0.45374628519387633,0.2327550322753508,0.014285989744064998,0.20670526309199946,0.5129629483928434,0.031484532678787425,0.45555251874663527
208,10,915,emp,0,0.33122409080287446,0.2327550322753508,0.02040881883622727,0.07806023962745065,0.7027116648162927,0.061616347973835715,0.2356719870171147
209,11,915,emp,0,0.24477159428287457,0.2327550322753508,0.012016561976521862,0,0.9509070403257798,0.049092959547563805,0
210,12,915,emp,0,0.2388778614092498,0.2327550322753508,0.006122829090653248,0,0.9743683692671324,0.025631630551830452,0
211,3,916,occ,0,0.47742781724125116,0.2327550322753508,0.03446571237830241,0.21020707264253494,0.4875187910505355,0.07219041524948763,0.4402907938150455
212,4,916,occ,0,0.70676817880625,0.2327550322753508,0.046940466780444806,0.42707267960478396,0.32932302168510214,0.066415648281914,0.6042613298268761
213,5,916,occ,0,0.8137057634425006,0.2327550322753508,0.040817637676387714,0.5401330934960239,0.28604323913185375,0.05016265032178556,0.6637941105528272
214,6,916,occ,0,0.7166404406374998,0.2327550322753508,0.040817637676387714,0.4430677704037596,0.3247863490208557,0.05695692757734644,0.6182567230082928
215,7,916,occ,0,0.5844545673168764,0.2327550322753508,0.040817637676387714,0.3108818974497671,0.39824315745171845,0.06983885482112663,0.5319179878719552
216,8,916,occ,0,0.5272626382374986,0.2327550322753508,0.040817637676387714,0.25368996828508156,0.44144040445078775,0.07741424238370165,0.48114535316422363
217,9,916,occ,0,0.4878545676837496,0.2327550322753508,0.040817637676387714,0.21428189778114104,0.47709921704829383,0.08366763453744608,0.43923314851496625
218,10,916,occ,0,0.3293214844034988,0.2327550322753508,0.032425380811969204,0.06414107132059331,0.7067714780192396,0.09846117653302036,0.19476734546114496
219,11,916,occ,0,0.2927879235283764,0.2327550322753508,0.026531647934790948,0.033501243336180084,0.7949611769175058,0.09061728918002848,0.11442153396375726
220,12,916,occ,0,0.3046843740826245,0.2327550322753508,0.012016561976521862,0.059912779797970966,0.7639217894785512,0.03943937726607274,0.19663883314778652
221,3,926,emp,0,0.5550807925449972,0.2327550322753508,0.059642482931344346,0.2626832773221691,0.4193173955960342,0.10744829173045016,0.4732343126444515
222,4,926,emp,0,0.6598166262512485,0.2327550322753508,0.09819069287973457,0.32887090120846096,0.3527571495094777,0.14881512373764433,0.4984277269230736
223,5,926,emp,0,0.8392499313124951,0.2327550322753508,0.11633008388675371,0.49016481511927973,0.2773369691092466,0.138611967122626,0.5840510637310575
224,6,926,emp,0,0.7305154227149999,0.2327550322753508,0.13923742672572542,0.35852296364166936,0.31861754733432485,0.190601625094022,0.49078082747274443
225,7,926,emp,0,0.6874214420174991,0.2327550322753508,0.16780940619368884,0.286857003716576,0.33859146376383437,0.24411430301212084,0.41729423346860595
226,8,926,emp,0,0.718086575974999,0.2327550322753508,0.1918425301706861,0.2934890135145924,0.32413227048468657,0.26715793970971724,0.40870978978558503
227,9,926,emp,0,0.6200144860075013,0.2327550322753508,0.18730367467314582,0.1999557789381942,0.37540257127562465,0.30209564276354617,0.32250178576597804
228,10,926,emp,0,0.5379427093537509,0.2327550322753508,0.14194718147638846,0.16324049571905358,0.43267624642588326,0.2638704438376245,0.3034533099540656
229,11,926,emp,0,0.4444407170030014,0.2327550322753508,0.0725575642864568,0.13912812049665244,0.5237032147839392,0.16325588882975092,0.3130408965110928
230,12,926,emp,0,0.3590768212526245,0.2327550322753508,0.024491316366672806,0.10183047264137993,0.6482040012034043,0.06820634169934965,0.28358965718296314
